city,distance,value
Jalalabad,transportation_distance_from_city_center_to_main_landfill_or_dumpsite_km,NA
Jalalabad,transportation_distance_km,NA
Jalalabad,transportation_distance_km_year,NA
Jalalabad,transportation_distance_total_km_day,NA
Kandahar,transportation_distance_from_city_center_to_main_landfill_or_dumpsite_km,NA
Kandahar,transportation_distance_km,NA
Kandahar,transportation_distance_km_year,NA
Kandahar,transportation_distance_total_km_day,NA
Mazar-E-Sharif,transportation_distance_from_city_center_to_main_landfill_or_dumpsite_km,NA
Mazar-E-Sharif,transportation_distance_km,NA
Mazar-E-Sharif,transportation_distance_km_year,NA
Mazar-E-Sharif,transportation_distance_total_km_day,NA
Kabul,transportation_distance_from_city_center_to_main_landfill_or_dumpsite_km,80
Kabul,transportation_distance_km,NA
Kabul,transportation_distance_km_year,NA
Kabul,transportation_distance_total_km_day,NA
HiratÂ ,transportation_distance_from_city_center_to_main_landfill_or_dumpsite_km,NA
HiratÂ ,transportation_distance_km,35
HiratÂ ,transportation_distance_km_year,NA
HiratÂ ,transportation_distance_total_km_day,NA
Luanda,transportation_distance_from_city_center_to_main_landfill_or_dumpsite_km,20
Luanda,transportation_distance_km,NA
Luanda,transportation_distance_km_year,NA
Luanda,transportation_distance_total_km_day,NA
Korca,transportation_distance_from_city_center_to_main_landfill_or_dumpsite_km,7
Korca,transportation_distance_km,NA
Korca,transportation_distance_km_year,NA
Korca,transportation_distance_total_km_day,NA
Vlora,transportation_distance_from_city_center_to_main_landfill_or_dumpsite_km,7
Vlora,transportation_distance_km,NA
Vlora,transportation_distance_km_year,NA
Vlora,transportation_distance_total_km_day,NA
Abu Dhabi,transportation_distance_from_city_center_to_main_landfill_or_dumpsite_km,NA
Abu Dhabi,transportation_distance_km,NA
Abu Dhabi,transportation_distance_km_year,NA
Abu Dhabi,transportation_distance_total_km_day,NA
Dubai,transportation_distance_from_city_center_to_main_landfill_or_dumpsite_km,NA
Dubai,transportation_distance_km,NA
Dubai,transportation_distance_km_year,NA
Dubai,transportation_distance_total_km_day,NA
CÃ³rdoba,transportation_distance_from_city_center_to_main_landfill_or_dumpsite_km,NA
CÃ³rdoba,transportation_distance_km,NA
CÃ³rdoba,transportation_distance_km_year,NA
CÃ³rdoba,transportation_distance_total_km_day,NA
Rosario,transportation_distance_from_city_center_to_main_landfill_or_dumpsite_km,30
Rosario,transportation_distance_km,NA
Rosario,transportation_distance_km_year,NA
Rosario,transportation_distance_total_km_day,NA
Ciudada AutÃ³noma De Buenos Aires (Caba).,transportation_distance_from_city_center_to_main_landfill_or_dumpsite_km,NA
Ciudada AutÃ³noma De Buenos Aires (Caba).,transportation_distance_km,NA
Ciudada AutÃ³noma De Buenos Aires (Caba).,transportation_distance_km_year,NA
Ciudada AutÃ³noma De Buenos Aires (Caba).,transportation_distance_total_km_day,NA
Vanadzor,transportation_distance_from_city_center_to_main_landfill_or_dumpsite_km,13
Vanadzor,transportation_distance_km,NA
Vanadzor,transportation_distance_km_year,124020
Vanadzor,transportation_distance_total_km_day,NA
Spitak,transportation_distance_from_city_center_to_main_landfill_or_dumpsite_km,4
Spitak,transportation_distance_km,NA
Spitak,transportation_distance_km_year,NA
Spitak,transportation_distance_total_km_day,NA
Pago Pago,transportation_distance_from_city_center_to_main_landfill_or_dumpsite_km,NA
Pago Pago,transportation_distance_km,NA
Pago Pago,transportation_distance_km_year,NA
Pago Pago,transportation_distance_total_km_day,NA
Perth,transportation_distance_from_city_center_to_main_landfill_or_dumpsite_km,35
Perth,transportation_distance_km,NA
Perth,transportation_distance_km_year,NA
Perth,transportation_distance_total_km_day,NA
Melbourne,transportation_distance_from_city_center_to_main_landfill_or_dumpsite_km,NA
Melbourne,transportation_distance_km,NA
Melbourne,transportation_distance_km_year,NA
Melbourne,transportation_distance_total_km_day,NA
Canberra,transportation_distance_from_city_center_to_main_landfill_or_dumpsite_km,NA
Canberra,transportation_distance_km,NA
Canberra,transportation_distance_km_year,NA
Canberra,transportation_distance_total_km_day,NA
Vienna,transportation_distance_from_city_center_to_main_landfill_or_dumpsite_km,NA
Vienna,transportation_distance_km,NA
Vienna,transportation_distance_km_year,NA
Vienna,transportation_distance_total_km_day,NA
Baku,transportation_distance_from_city_center_to_main_landfill_or_dumpsite_km,NA
Baku,transportation_distance_km,NA
Baku,transportation_distance_km_year,NA
Baku,transportation_distance_total_km_day,NA
Muyinga,transportation_distance_from_city_center_to_main_landfill_or_dumpsite_km,NA
Muyinga,transportation_distance_km,NA
Muyinga,transportation_distance_km_year,NA
Muyinga,transportation_distance_total_km_day,NA
Kayanza,transportation_distance_from_city_center_to_main_landfill_or_dumpsite_km,NA
Kayanza,transportation_distance_km,NA
Kayanza,transportation_distance_km_year,NA
Kayanza,transportation_distance_total_km_day,NA
Ngozi,transportation_distance_from_city_center_to_main_landfill_or_dumpsite_km,NA
Ngozi,transportation_distance_km,NA
Ngozi,transportation_distance_km_year,NA
Ngozi,transportation_distance_total_km_day,NA
Bujumbura,transportation_distance_from_city_center_to_main_landfill_or_dumpsite_km,NA
Bujumbura,transportation_distance_km,NA
Bujumbura,transportation_distance_km_year,NA
Bujumbura,transportation_distance_total_km_day,NA
Brussels,transportation_distance_from_city_center_to_main_landfill_or_dumpsite_km,NA
Brussels,transportation_distance_km,NA
Brussels,transportation_distance_km_year,NA
Brussels,transportation_distance_total_km_day,NA
Liege,transportation_distance_from_city_center_to_main_landfill_or_dumpsite_km,NA
Liege,transportation_distance_km,NA
Liege,transportation_distance_km_year,NA
Liege,transportation_distance_total_km_day,NA
Porto Novo,transportation_distance_from_city_center_to_main_landfill_or_dumpsite_km,NA
Porto Novo,transportation_distance_km,NA
Porto Novo,transportation_distance_km_year,NA
Porto Novo,transportation_distance_total_km_day,NA
Cotonou,transportation_distance_from_city_center_to_main_landfill_or_dumpsite_km,NA
Cotonou,transportation_distance_km,NA
Cotonou,transportation_distance_km_year,NA
Cotonou,transportation_distance_total_km_day,NA
Bobo Dioulasso,transportation_distance_from_city_center_to_main_landfill_or_dumpsite_km,NA
Bobo Dioulasso,transportation_distance_km,NA
Bobo Dioulasso,transportation_distance_km_year,NA
Bobo Dioulasso,transportation_distance_total_km_day,NA
Ouagadougou,transportation_distance_from_city_center_to_main_landfill_or_dumpsite_km,10
Ouagadougou,transportation_distance_km,NA
Ouagadougou,transportation_distance_km_year,NA
Ouagadougou,transportation_distance_total_km_day,NA
Patuakhali,transportation_distance_from_city_center_to_main_landfill_or_dumpsite_km,NA
Patuakhali,transportation_distance_km,NA
Patuakhali,transportation_distance_km_year,NA
Patuakhali,transportation_distance_total_km_day,NA
Chittagong,transportation_distance_from_city_center_to_main_landfill_or_dumpsite_km,NA
Chittagong,transportation_distance_km,NA
Chittagong,transportation_distance_km_year,NA
Chittagong,transportation_distance_total_km_day,NA
Rangpur,transportation_distance_from_city_center_to_main_landfill_or_dumpsite_km,NA
Rangpur,transportation_distance_km,NA
Rangpur,transportation_distance_km_year,NA
Rangpur,transportation_distance_total_km_day,NA
Dhaka,transportation_distance_from_city_center_to_main_landfill_or_dumpsite_km,10
Dhaka,transportation_distance_km,NA
Dhaka,transportation_distance_km_year,NA
Dhaka,transportation_distance_total_km_day,NA
Rajshahi,transportation_distance_from_city_center_to_main_landfill_or_dumpsite_km,8
Rajshahi,transportation_distance_km,NA
Rajshahi,transportation_distance_km_year,NA
Rajshahi,transportation_distance_total_km_day,NA
Ruse,transportation_distance_from_city_center_to_main_landfill_or_dumpsite_km,NA
Ruse,transportation_distance_km,NA
Ruse,transportation_distance_km_year,NA
Ruse,transportation_distance_total_km_day,NA
Burgas,transportation_distance_from_city_center_to_main_landfill_or_dumpsite_km,NA
Burgas,transportation_distance_km,NA
Burgas,transportation_distance_km_year,NA
Burgas,transportation_distance_total_km_day,NA
Manama,transportation_distance_from_city_center_to_main_landfill_or_dumpsite_km,NA
Manama,transportation_distance_km,NA
Manama,transportation_distance_km_year,NA
Manama,transportation_distance_total_km_day,NA
Banja Luka,transportation_distance_from_city_center_to_main_landfill_or_dumpsite_km,13
Banja Luka,transportation_distance_km,NA
Banja Luka,transportation_distance_km_year,NA
Banja Luka,transportation_distance_total_km_day,NA
Sarajevo,transportation_distance_from_city_center_to_main_landfill_or_dumpsite_km,5
Sarajevo,transportation_distance_km,NA
Sarajevo,transportation_distance_km_year,1334648
Sarajevo,transportation_distance_total_km_day,NA
Minsk,transportation_distance_from_city_center_to_main_landfill_or_dumpsite_km,18
Minsk,transportation_distance_km,NA
Minsk,transportation_distance_km_year,25100000
Minsk,transportation_distance_total_km_day,NA
Grodno,transportation_distance_from_city_center_to_main_landfill_or_dumpsite_km,21
Grodno,transportation_distance_km,NA
Grodno,transportation_distance_km_year,1954090
Grodno,transportation_distance_total_km_day,NA
San Pedro,transportation_distance_from_city_center_to_main_landfill_or_dumpsite_km,NA
San Pedro,transportation_distance_km,NA
San Pedro,transportation_distance_km_year,NA
San Pedro,transportation_distance_total_km_day,NA
Belize City,transportation_distance_from_city_center_to_main_landfill_or_dumpsite_km,43
Belize City,transportation_distance_km,NA
Belize City,transportation_distance_km_year,NA
Belize City,transportation_distance_total_km_day,NA
La Paz,transportation_distance_from_city_center_to_main_landfill_or_dumpsite_km,14
La Paz,transportation_distance_km,NA
La Paz,transportation_distance_km_year,NA
La Paz,transportation_distance_total_km_day,NA
"Distrito Federal, Brasilia",transportation_distance_from_city_center_to_main_landfill_or_dumpsite_km,15
"Distrito Federal, Brasilia",transportation_distance_km,NA
"Distrito Federal, Brasilia",transportation_distance_km_year,NA
"Distrito Federal, Brasilia",transportation_distance_total_km_day,NA
Rio De Janeiro,transportation_distance_from_city_center_to_main_landfill_or_dumpsite_km,NA
Rio De Janeiro,transportation_distance_km,NA
Rio De Janeiro,transportation_distance_km_year,NA
Rio De Janeiro,transportation_distance_total_km_day,NA
Sao Paulo,transportation_distance_from_city_center_to_main_landfill_or_dumpsite_km,NA
Sao Paulo,transportation_distance_km,NA
Sao Paulo,transportation_distance_km_year,NA
Sao Paulo,transportation_distance_total_km_day,NA
PhuentsholingÂ ,transportation_distance_from_city_center_to_main_landfill_or_dumpsite_km,7.5
PhuentsholingÂ ,transportation_distance_km,NA
PhuentsholingÂ ,transportation_distance_km_year,NA
PhuentsholingÂ ,transportation_distance_total_km_day,NA
Thimphu,transportation_distance_from_city_center_to_main_landfill_or_dumpsite_km,NA
Thimphu,transportation_distance_km,NA
Thimphu,transportation_distance_km_year,NA
Thimphu,transportation_distance_total_km_day,NA
Gaborone,transportation_distance_from_city_center_to_main_landfill_or_dumpsite_km,NA
Gaborone,transportation_distance_km,NA
Gaborone,transportation_distance_km_year,NA
Gaborone,transportation_distance_total_km_day,NA
Toronto,transportation_distance_from_city_center_to_main_landfill_or_dumpsite_km,NA
Toronto,transportation_distance_km,NA
Toronto,transportation_distance_km_year,NA
Toronto,transportation_distance_total_km_day,NA
Ottawa,transportation_distance_from_city_center_to_main_landfill_or_dumpsite_km,NA
Ottawa,transportation_distance_km,NA
Ottawa,transportation_distance_km_year,NA
Ottawa,transportation_distance_total_km_day,NA
Vancouver,transportation_distance_from_city_center_to_main_landfill_or_dumpsite_km,NA
Vancouver,transportation_distance_km,NA
Vancouver,transportation_distance_km_year,NA
Vancouver,transportation_distance_total_km_day,NA
Bern,transportation_distance_from_city_center_to_main_landfill_or_dumpsite_km,NA
Bern,transportation_distance_km,NA
Bern,transportation_distance_km_year,NA
Bern,transportation_distance_total_km_day,NA
Zurich,transportation_distance_from_city_center_to_main_landfill_or_dumpsite_km,NA
Zurich,transportation_distance_km,NA
Zurich,transportation_distance_km_year,NA
Zurich,transportation_distance_total_km_day,NA
Santiago De Chile,transportation_distance_from_city_center_to_main_landfill_or_dumpsite_km,NA
Santiago De Chile,transportation_distance_km,NA
Santiago De Chile,transportation_distance_km_year,NA
Santiago De Chile,transportation_distance_total_km_day,NA
Beijing,transportation_distance_from_city_center_to_main_landfill_or_dumpsite_km,NA
Beijing,transportation_distance_km,NA
Beijing,transportation_distance_km_year,NA
Beijing,transportation_distance_total_km_day,NA
Abidjan,transportation_distance_from_city_center_to_main_landfill_or_dumpsite_km,NA
Abidjan,transportation_distance_km,NA
Abidjan,transportation_distance_km_year,NA
Abidjan,transportation_distance_total_km_day,NA
Limbe,transportation_distance_from_city_center_to_main_landfill_or_dumpsite_km,NA
Limbe,transportation_distance_km,NA
Limbe,transportation_distance_km_year,NA
Limbe,transportation_distance_total_km_day,NA
Douala,transportation_distance_from_city_center_to_main_landfill_or_dumpsite_km,NA
Douala,transportation_distance_km,NA
Douala,transportation_distance_km_year,NA
Douala,transportation_distance_total_km_day,NA
Yaounde,transportation_distance_from_city_center_to_main_landfill_or_dumpsite_km,NA
Yaounde,transportation_distance_km,NA
Yaounde,transportation_distance_km_year,NA
Yaounde,transportation_distance_total_km_day,NA
Bafoussam,transportation_distance_from_city_center_to_main_landfill_or_dumpsite_km,NA
Bafoussam,transportation_distance_km,NA
Bafoussam,transportation_distance_km_year,NA
Bafoussam,transportation_distance_total_km_day,NA
Kinshasa,transportation_distance_from_city_center_to_main_landfill_or_dumpsite_km,NA
Kinshasa,transportation_distance_km,NA
Kinshasa,transportation_distance_km_year,NA
Kinshasa,transportation_distance_total_km_day,NA
Dolisie,transportation_distance_from_city_center_to_main_landfill_or_dumpsite_km,NA
Dolisie,transportation_distance_km,NA
Dolisie,transportation_distance_km_year,NA
Dolisie,transportation_distance_total_km_day,NA
BogotÃ¡,transportation_distance_from_city_center_to_main_landfill_or_dumpsite_km,NA
BogotÃ¡,transportation_distance_km,NA
BogotÃ¡,transportation_distance_km_year,NA
BogotÃ¡,transportation_distance_total_km_day,NA
Medellin,transportation_distance_from_city_center_to_main_landfill_or_dumpsite_km,57
Medellin,transportation_distance_km,NA
Medellin,transportation_distance_km_year,NA
Medellin,transportation_distance_total_km_day,NA
Cali,transportation_distance_from_city_center_to_main_landfill_or_dumpsite_km,62
Cali,transportation_distance_km,NA
Cali,transportation_distance_km_year,NA
Cali,transportation_distance_total_km_day,NA
Moroni,transportation_distance_from_city_center_to_main_landfill_or_dumpsite_km,NA
Moroni,transportation_distance_km,NA
Moroni,transportation_distance_km_year,NA
Moroni,transportation_distance_total_km_day,NA
San JosÃ©,transportation_distance_from_city_center_to_main_landfill_or_dumpsite_km,NA
San JosÃ©,transportation_distance_km,NA
San JosÃ©,transportation_distance_km_year,NA
San JosÃ©,transportation_distance_total_km_day,NA
Alajuela,transportation_distance_from_city_center_to_main_landfill_or_dumpsite_km,NA
Alajuela,transportation_distance_km,NA
Alajuela,transportation_distance_km_year,4016
Alajuela,transportation_distance_total_km_day,NA
Havana,transportation_distance_from_city_center_to_main_landfill_or_dumpsite_km,NA
Havana,transportation_distance_km,NA
Havana,transportation_distance_km_year,NA
Havana,transportation_distance_total_km_day,NA
Paralimini,transportation_distance_from_city_center_to_main_landfill_or_dumpsite_km,NA
Paralimini,transportation_distance_km,NA
Paralimini,transportation_distance_km_year,NA
Paralimini,transportation_distance_total_km_day,NA
Nicosia,transportation_distance_from_city_center_to_main_landfill_or_dumpsite_km,NA
Nicosia,transportation_distance_km,NA
Nicosia,transportation_distance_km_year,NA
Nicosia,transportation_distance_total_km_day,NA
Karlovy Vary,transportation_distance_from_city_center_to_main_landfill_or_dumpsite_km,NA
Karlovy Vary,transportation_distance_km,NA
Karlovy Vary,transportation_distance_km_year,NA
Karlovy Vary,transportation_distance_total_km_day,NA
Prague,transportation_distance_from_city_center_to_main_landfill_or_dumpsite_km,NA
Prague,transportation_distance_km,NA
Prague,transportation_distance_km_year,NA
Prague,transportation_distance_total_km_day,NA
Hamburg,transportation_distance_from_city_center_to_main_landfill_or_dumpsite_km,NA
Hamburg,transportation_distance_km,NA
Hamburg,transportation_distance_km_year,NA
Hamburg,transportation_distance_total_km_day,NA
Berlin,transportation_distance_from_city_center_to_main_landfill_or_dumpsite_km,NA
Berlin,transportation_distance_km,NA
Berlin,transportation_distance_km_year,NA
Berlin,transportation_distance_total_km_day,NA
Djiibouti City,transportation_distance_from_city_center_to_main_landfill_or_dumpsite_km,NA
Djiibouti City,transportation_distance_km,NA
Djiibouti City,transportation_distance_km_year,NA
Djiibouti City,transportation_distance_total_km_day,NA
Copenhagen,transportation_distance_from_city_center_to_main_landfill_or_dumpsite_km,NA
Copenhagen,transportation_distance_km,NA
Copenhagen,transportation_distance_km_year,NA
Copenhagen,transportation_distance_total_km_day,NA
Santo Domingo,transportation_distance_from_city_center_to_main_landfill_or_dumpsite_km,16
Santo Domingo,transportation_distance_km,NA
Santo Domingo,transportation_distance_km_year,NA
Santo Domingo,transportation_distance_total_km_day,NA
Algiers,transportation_distance_from_city_center_to_main_landfill_or_dumpsite_km,NA
Algiers,transportation_distance_km,NA
Algiers,transportation_distance_km_year,NA
Algiers,transportation_distance_total_km_day,NA
Mostaganem,transportation_distance_from_city_center_to_main_landfill_or_dumpsite_km,NA
Mostaganem,transportation_distance_km,NA
Mostaganem,transportation_distance_km_year,NA
Mostaganem,transportation_distance_total_km_day,NA
Quito,transportation_distance_from_city_center_to_main_landfill_or_dumpsite_km,NA
Quito,transportation_distance_km,NA
Quito,transportation_distance_km_year,NA
Quito,transportation_distance_total_km_day,NA
Cairo,transportation_distance_from_city_center_to_main_landfill_or_dumpsite_km,NA
Cairo,transportation_distance_km,NA
Cairo,transportation_distance_km_year,NA
Cairo,transportation_distance_total_km_day,NA
Pamplona,transportation_distance_from_city_center_to_main_landfill_or_dumpsite_km,NA
Pamplona,transportation_distance_km,NA
Pamplona,transportation_distance_km_year,NA
Pamplona,transportation_distance_total_km_day,NA
Madrid,transportation_distance_from_city_center_to_main_landfill_or_dumpsite_km,NA
Madrid,transportation_distance_km,NA
Madrid,transportation_distance_km_year,NA
Madrid,transportation_distance_total_km_day,NA
Tallinn,transportation_distance_from_city_center_to_main_landfill_or_dumpsite_km,NA
Tallinn,transportation_distance_km,NA
Tallinn,transportation_distance_km_year,NA
Tallinn,transportation_distance_total_km_day,NA
Tartummaa,transportation_distance_from_city_center_to_main_landfill_or_dumpsite_km,NA
Tartummaa,transportation_distance_km,NA
Tartummaa,transportation_distance_km_year,NA
Tartummaa,transportation_distance_total_km_day,NA
Adola Woyu,transportation_distance_from_city_center_to_main_landfill_or_dumpsite_km,NA
Adola Woyu,transportation_distance_km,NA
Adola Woyu,transportation_distance_km_year,NA
Adola Woyu,transportation_distance_total_km_day,NA
Bule Hora,transportation_distance_from_city_center_to_main_landfill_or_dumpsite_km,NA
Bule Hora,transportation_distance_km,NA
Bule Hora,transportation_distance_km_year,NA
Bule Hora,transportation_distance_total_km_day,NA
Addis Ababa,transportation_distance_from_city_center_to_main_landfill_or_dumpsite_km,20.92
Addis Ababa,transportation_distance_km,NA
Addis Ababa,transportation_distance_km_year,NA
Addis Ababa,transportation_distance_total_km_day,NA
Maichew,transportation_distance_from_city_center_to_main_landfill_or_dumpsite_km,NA
Maichew,transportation_distance_km,NA
Maichew,transportation_distance_km_year,NA
Maichew,transportation_distance_total_km_day,NA
Tepi,transportation_distance_from_city_center_to_main_landfill_or_dumpsite_km,NA
Tepi,transportation_distance_km,NA
Tepi,transportation_distance_km_year,NA
Tepi,transportation_distance_total_km_day,NA
Gerbe Guracha,transportation_distance_from_city_center_to_main_landfill_or_dumpsite_km,NA
Gerbe Guracha,transportation_distance_km,NA
Gerbe Guracha,transportation_distance_km_year,NA
Gerbe Guracha,transportation_distance_total_km_day,NA
Weldiya,transportation_distance_from_city_center_to_main_landfill_or_dumpsite_km,NA
Weldiya,transportation_distance_km,NA
Weldiya,transportation_distance_km_year,NA
Weldiya,transportation_distance_total_km_day,NA
Debre Tabor,transportation_distance_from_city_center_to_main_landfill_or_dumpsite_km,NA
Debre Tabor,transportation_distance_km,NA
Debre Tabor,transportation_distance_km_year,NA
Debre Tabor,transportation_distance_total_km_day,NA
Bati,transportation_distance_from_city_center_to_main_landfill_or_dumpsite_km,NA
Bati,transportation_distance_km,NA
Bati,transportation_distance_km_year,NA
Bati,transportation_distance_total_km_day,NA
Dire Dawa,transportation_distance_from_city_center_to_main_landfill_or_dumpsite_km,NA
Dire Dawa,transportation_distance_km,NA
Dire Dawa,transportation_distance_km_year,NA
Dire Dawa,transportation_distance_total_km_day,NA
Halaba Kulito,transportation_distance_from_city_center_to_main_landfill_or_dumpsite_km,NA
Halaba Kulito,transportation_distance_km,NA
Halaba Kulito,transportation_distance_km_year,NA
Halaba Kulito,transportation_distance_total_km_day,NA
Dembi Dolo,transportation_distance_from_city_center_to_main_landfill_or_dumpsite_km,NA
Dembi Dolo,transportation_distance_km,NA
Dembi Dolo,transportation_distance_km_year,NA
Dembi Dolo,transportation_distance_total_km_day,NA
Oulu,transportation_distance_from_city_center_to_main_landfill_or_dumpsite_km,NA
Oulu,transportation_distance_km,NA
Oulu,transportation_distance_km_year,NA
Oulu,transportation_distance_total_km_day,NA
Riihimaki,transportation_distance_from_city_center_to_main_landfill_or_dumpsite_km,NA
Riihimaki,transportation_distance_km,NA
Riihimaki,transportation_distance_km_year,NA
Riihimaki,transportation_distance_total_km_day,NA
Turku,transportation_distance_from_city_center_to_main_landfill_or_dumpsite_km,NA
Turku,transportation_distance_km,NA
Turku,transportation_distance_km_year,NA
Turku,transportation_distance_total_km_day,NA
Suva,transportation_distance_from_city_center_to_main_landfill_or_dumpsite_km,24
Suva,transportation_distance_km,NA
Suva,transportation_distance_km_year,NA
Suva,transportation_distance_total_km_day,NA
Angers-Loire Metropole,transportation_distance_from_city_center_to_main_landfill_or_dumpsite_km,NA
Angers-Loire Metropole,transportation_distance_km,NA
Angers-Loire Metropole,transportation_distance_km_year,NA
Angers-Loire Metropole,transportation_distance_total_km_day,NA
Paris,transportation_distance_from_city_center_to_main_landfill_or_dumpsite_km,NA
Paris,transportation_distance_km,NA
Paris,transportation_distance_km_year,NA
Paris,transportation_distance_total_km_day,NA
Pohnpei,transportation_distance_from_city_center_to_main_landfill_or_dumpsite_km,NA
Pohnpei,transportation_distance_km,NA
Pohnpei,transportation_distance_km_year,NA
Pohnpei,transportation_distance_total_km_day,NA
Libreville,transportation_distance_from_city_center_to_main_landfill_or_dumpsite_km,NA
Libreville,transportation_distance_km,NA
Libreville,transportation_distance_km_year,NA
Libreville,transportation_distance_total_km_day,NA
London,transportation_distance_from_city_center_to_main_landfill_or_dumpsite_km,NA
London,transportation_distance_km,NA
London,transportation_distance_km_year,NA
London,transportation_distance_total_km_day,NA
Bristol,transportation_distance_from_city_center_to_main_landfill_or_dumpsite_km,NA
Bristol,transportation_distance_km,NA
Bristol,transportation_distance_km_year,NA
Bristol,transportation_distance_total_km_day,NA
Tbilisi,transportation_distance_from_city_center_to_main_landfill_or_dumpsite_km,NA
Tbilisi,transportation_distance_km,NA
Tbilisi,transportation_distance_km_year,NA
Tbilisi,transportation_distance_total_km_day,NA
Accra,transportation_distance_from_city_center_to_main_landfill_or_dumpsite_km,12
Accra,transportation_distance_km,NA
Accra,transportation_distance_km_year,NA
Accra,transportation_distance_total_km_day,NA
Kumasi,transportation_distance_from_city_center_to_main_landfill_or_dumpsite_km,NA
Kumasi,transportation_distance_km,NA
Kumasi,transportation_distance_km_year,NA
Kumasi,transportation_distance_total_km_day,NA
Conakry,transportation_distance_from_city_center_to_main_landfill_or_dumpsite_km,NA
Conakry,transportation_distance_km,NA
Conakry,transportation_distance_km_year,NA
Conakry,transportation_distance_total_km_day,NA
Banjul,transportation_distance_from_city_center_to_main_landfill_or_dumpsite_km,15
Banjul,transportation_distance_km,NA
Banjul,transportation_distance_km_year,NA
Banjul,transportation_distance_total_km_day,NA
Labe,transportation_distance_from_city_center_to_main_landfill_or_dumpsite_km,NA
Labe,transportation_distance_km,NA
Labe,transportation_distance_km_year,NA
Labe,transportation_distance_total_km_day,NA
Athens,transportation_distance_from_city_center_to_main_landfill_or_dumpsite_km,NA
Athens,transportation_distance_km,NA
Athens,transportation_distance_km_year,NA
Athens,transportation_distance_total_km_day,NA
Thessaloniki,transportation_distance_from_city_center_to_main_landfill_or_dumpsite_km,51
Thessaloniki,transportation_distance_km,NA
Thessaloniki,transportation_distance_km_year,NA
Thessaloniki,transportation_distance_total_km_day,NA
Guatemala City,transportation_distance_from_city_center_to_main_landfill_or_dumpsite_km,NA
Guatemala City,transportation_distance_km,NA
Guatemala City,transportation_distance_km_year,NA
Guatemala City,transportation_distance_total_km_day,NA
Antigua Guatemala,transportation_distance_from_city_center_to_main_landfill_or_dumpsite_km,7
Antigua Guatemala,transportation_distance_km,NA
Antigua Guatemala,transportation_distance_km_year,NA
Antigua Guatemala,transportation_distance_total_km_day,NA
Jutiapa,transportation_distance_from_city_center_to_main_landfill_or_dumpsite_km,NA
Jutiapa,transportation_distance_km,NA
Jutiapa,transportation_distance_km_year,NA
Jutiapa,transportation_distance_total_km_day,NA
Tegucigalpa,transportation_distance_from_city_center_to_main_landfill_or_dumpsite_km,4
Tegucigalpa,transportation_distance_km,NA
Tegucigalpa,transportation_distance_km_year,NA
Tegucigalpa,transportation_distance_total_km_day,NA
San Pedro Sula,transportation_distance_from_city_center_to_main_landfill_or_dumpsite_km,NA
San Pedro Sula,transportation_distance_km,NA
San Pedro Sula,transportation_distance_km_year,NA
San Pedro Sula,transportation_distance_total_km_day,NA
Zagreb,transportation_distance_from_city_center_to_main_landfill_or_dumpsite_km,NA
Zagreb,transportation_distance_km,NA
Zagreb,transportation_distance_km_year,NA
Zagreb,transportation_distance_total_km_day,NA
Cakovec,transportation_distance_from_city_center_to_main_landfill_or_dumpsite_km,NA
Cakovec,transportation_distance_km,NA
Cakovec,transportation_distance_km_year,NA
Cakovec,transportation_distance_total_km_day,NA
Port Au Prince,transportation_distance_from_city_center_to_main_landfill_or_dumpsite_km,5
Port Au Prince,transportation_distance_km,NA
Port Au Prince,transportation_distance_km_year,NA
Port Au Prince,transportation_distance_total_km_day,NA
Debrecen,transportation_distance_from_city_center_to_main_landfill_or_dumpsite_km,NA
Debrecen,transportation_distance_km,NA
Debrecen,transportation_distance_km_year,NA
Debrecen,transportation_distance_total_km_day,NA
Budapest,transportation_distance_from_city_center_to_main_landfill_or_dumpsite_km,NA
Budapest,transportation_distance_km,NA
Budapest,transportation_distance_km_year,NA
Budapest,transportation_distance_total_km_day,NA
Jakarta,transportation_distance_from_city_center_to_main_landfill_or_dumpsite_km,40
Jakarta,transportation_distance_km,NA
Jakarta,transportation_distance_km_year,NA
Jakarta,transportation_distance_total_km_day,NA
Douglas,transportation_distance_from_city_center_to_main_landfill_or_dumpsite_km,NA
Douglas,transportation_distance_km,NA
Douglas,transportation_distance_km_year,NA
Douglas,transportation_distance_total_km_day,NA
Kota,transportation_distance_from_city_center_to_main_landfill_or_dumpsite_km,6
Kota,transportation_distance_km,NA
Kota,transportation_distance_km_year,NA
Kota,transportation_distance_total_km_day,NA
Kozhikode,transportation_distance_from_city_center_to_main_landfill_or_dumpsite_km,10
Kozhikode,transportation_distance_km,NA
Kozhikode,transportation_distance_km_year,NA
Kozhikode,transportation_distance_total_km_day,NA
Jaipur,transportation_distance_from_city_center_to_main_landfill_or_dumpsite_km,25
Jaipur,transportation_distance_km,NA
Jaipur,transportation_distance_km_year,NA
Jaipur,transportation_distance_total_km_day,NA
Tirunelveli,transportation_distance_from_city_center_to_main_landfill_or_dumpsite_km,14
Tirunelveli,transportation_distance_km,NA
Tirunelveli,transportation_distance_km_year,NA
Tirunelveli,transportation_distance_total_km_day,NA
Amritsar,transportation_distance_from_city_center_to_main_landfill_or_dumpsite_km,4.7
Amritsar,transportation_distance_km,NA
Amritsar,transportation_distance_km_year,NA
Amritsar,transportation_distance_total_km_day,NA
Allahabad,transportation_distance_from_city_center_to_main_landfill_or_dumpsite_km,19
Allahabad,transportation_distance_km,NA
Allahabad,transportation_distance_km_year,NA
Allahabad,transportation_distance_total_km_day,NA
Greater Hyderabad Â ,transportation_distance_from_city_center_to_main_landfill_or_dumpsite_km,35
Greater Hyderabad Â ,transportation_distance_km,NA
Greater Hyderabad Â ,transportation_distance_km_year,NA
Greater Hyderabad Â ,transportation_distance_total_km_day,NA
Kochi,transportation_distance_from_city_center_to_main_landfill_or_dumpsite_km,20.4
Kochi,transportation_distance_km,NA
Kochi,transportation_distance_km_year,NA
Kochi,transportation_distance_total_km_day,NA
Leh,transportation_distance_from_city_center_to_main_landfill_or_dumpsite_km,NA
Leh,transportation_distance_km,NA
Leh,transportation_distance_km_year,NA
Leh,transportation_distance_total_km_day,NA
Pune,transportation_distance_from_city_center_to_main_landfill_or_dumpsite_km,20
Pune,transportation_distance_km,NA
Pune,transportation_distance_km_year,11007260
Pune,transportation_distance_total_km_day,NA
Patna,transportation_distance_from_city_center_to_main_landfill_or_dumpsite_km,35
Patna,transportation_distance_km,NA
Patna,transportation_distance_km_year,NA
Patna,transportation_distance_total_km_day,NA
Jodhpur,transportation_distance_from_city_center_to_main_landfill_or_dumpsite_km,15
Jodhpur,transportation_distance_km,NA
Jodhpur,transportation_distance_km_year,NA
Jodhpur,transportation_distance_total_km_day,NA
Nagpur,transportation_distance_from_city_center_to_main_landfill_or_dumpsite_km,20
Nagpur,transportation_distance_km,NA
Nagpur,transportation_distance_km_year,NA
Nagpur,transportation_distance_total_km_day,NA
Shimla,transportation_distance_from_city_center_to_main_landfill_or_dumpsite_km,10
Shimla,transportation_distance_km,NA
Shimla,transportation_distance_km_year,NA
Shimla,transportation_distance_total_km_day,NA
Rudrapur,transportation_distance_from_city_center_to_main_landfill_or_dumpsite_km,15
Rudrapur,transportation_distance_km,NA
Rudrapur,transportation_distance_km_year,NA
Rudrapur,transportation_distance_total_km_day,NA
Bengaluru,transportation_distance_from_city_center_to_main_landfill_or_dumpsite_km,26
Bengaluru,transportation_distance_km,NA
Bengaluru,transportation_distance_km_year,NA
Bengaluru,transportation_distance_total_km_day,NA
Pimpri-Chinchwad,transportation_distance_from_city_center_to_main_landfill_or_dumpsite_km,10
Pimpri-Chinchwad,transportation_distance_km,NA
Pimpri-Chinchwad,transportation_distance_km_year,NA
Pimpri-Chinchwad,transportation_distance_total_km_day,NA
Kanpur,transportation_distance_from_city_center_to_main_landfill_or_dumpsite_km,13
Kanpur,transportation_distance_km,NA
Kanpur,transportation_distance_km_year,NA
Kanpur,transportation_distance_total_km_day,NA
Rajkot,transportation_distance_from_city_center_to_main_landfill_or_dumpsite_km,16
Rajkot,transportation_distance_km,NA
Rajkot,transportation_distance_km_year,14560
Rajkot,transportation_distance_total_km_day,NA
Tenali,transportation_distance_from_city_center_to_main_landfill_or_dumpsite_km,7
Tenali,transportation_distance_km,NA
Tenali,transportation_distance_km_year,NA
Tenali,transportation_distance_total_km_day,NA
Lucknow,transportation_distance_from_city_center_to_main_landfill_or_dumpsite_km,25
Lucknow,transportation_distance_km,NA
Lucknow,transportation_distance_km_year,NA
Lucknow,transportation_distance_total_km_day,NA
Ludhiana,transportation_distance_from_city_center_to_main_landfill_or_dumpsite_km,10
Ludhiana,transportation_distance_km,NA
Ludhiana,transportation_distance_km_year,730000
Ludhiana,transportation_distance_total_km_day,NA
Tadipatri,transportation_distance_from_city_center_to_main_landfill_or_dumpsite_km,NA
Tadipatri,transportation_distance_km,NA
Tadipatri,transportation_distance_km_year,NA
Tadipatri,transportation_distance_total_km_day,NA
Bhopal,transportation_distance_from_city_center_to_main_landfill_or_dumpsite_km,6.5
Bhopal,transportation_distance_km,NA
Bhopal,transportation_distance_km_year,4721640
Bhopal,transportation_distance_total_km_day,NA
Faridabad,transportation_distance_from_city_center_to_main_landfill_or_dumpsite_km,25
Faridabad,transportation_distance_km,NA
Faridabad,transportation_distance_km_year,NA
Faridabad,transportation_distance_total_km_day,NA
Cuttack,transportation_distance_from_city_center_to_main_landfill_or_dumpsite_km,NA
Cuttack,transportation_distance_km,NA
Cuttack,transportation_distance_km_year,NA
Cuttack,transportation_distance_total_km_day,NA
Ahmedabad,transportation_distance_from_city_center_to_main_landfill_or_dumpsite_km,NA
Ahmedabad,transportation_distance_km,NA
Ahmedabad,transportation_distance_km_year,NA
Ahmedabad,transportation_distance_total_km_day,NA
Itanagar,transportation_distance_from_city_center_to_main_landfill_or_dumpsite_km,4
Itanagar,transportation_distance_km,NA
Itanagar,transportation_distance_km_year,NA
Itanagar,transportation_distance_total_km_day,NA
Vishakhapatnam,transportation_distance_from_city_center_to_main_landfill_or_dumpsite_km,25
Vishakhapatnam,transportation_distance_km,NA
Vishakhapatnam,transportation_distance_km_year,NA
Vishakhapatnam,transportation_distance_total_km_day,NA
Nashik,transportation_distance_from_city_center_to_main_landfill_or_dumpsite_km,7.8
Nashik,transportation_distance_km,NA
Nashik,transportation_distance_km_year,NA
Nashik,transportation_distance_total_km_day,NA
Dhanbad,transportation_distance_from_city_center_to_main_landfill_or_dumpsite_km,NA
Dhanbad,transportation_distance_km,NA
Dhanbad,transportation_distance_km_year,NA
Dhanbad,transportation_distance_total_km_day,NA
Delhi,transportation_distance_from_city_center_to_main_landfill_or_dumpsite_km,19.3
Delhi,transportation_distance_km,NA
Delhi,transportation_distance_km_year,NA
Delhi,transportation_distance_total_km_day,NA
Srinagar,transportation_distance_from_city_center_to_main_landfill_or_dumpsite_km,5
Srinagar,transportation_distance_km,NA
Srinagar,transportation_distance_km_year,NA
Srinagar,transportation_distance_total_km_day,NA
Ghaziabad,transportation_distance_from_city_center_to_main_landfill_or_dumpsite_km,NA
Ghaziabad,transportation_distance_km,NA
Ghaziabad,transportation_distance_km_year,NA
Ghaziabad,transportation_distance_total_km_day,NA
Imphal,transportation_distance_from_city_center_to_main_landfill_or_dumpsite_km,10
Imphal,transportation_distance_km,NA
Imphal,transportation_distance_km_year,NA
Imphal,transportation_distance_total_km_day,NA
Surat,transportation_distance_from_city_center_to_main_landfill_or_dumpsite_km,10
Surat,transportation_distance_km,NA
Surat,transportation_distance_km_year,NA
Surat,transportation_distance_total_km_day,NA
Vijaywada,transportation_distance_from_city_center_to_main_landfill_or_dumpsite_km,15
Vijaywada,transportation_distance_km,NA
Vijaywada,transportation_distance_km_year,NA
Vijaywada,transportation_distance_total_km_day,NA
Chennai,transportation_distance_from_city_center_to_main_landfill_or_dumpsite_km,15
Chennai,transportation_distance_km,NA
Chennai,transportation_distance_km_year,NA
Chennai,transportation_distance_total_km_day,NA
Indore,transportation_distance_from_city_center_to_main_landfill_or_dumpsite_km,7
Indore,transportation_distance_km,NA
Indore,transportation_distance_km_year,NA
Indore,transportation_distance_total_km_day,NA
Coimbatore,transportation_distance_from_city_center_to_main_landfill_or_dumpsite_km,12
Coimbatore,transportation_distance_km,NA
Coimbatore,transportation_distance_km_year,NA
Coimbatore,transportation_distance_total_km_day,NA
Navi Mumbai,transportation_distance_from_city_center_to_main_landfill_or_dumpsite_km,5
Navi Mumbai,transportation_distance_km,NA
Navi Mumbai,transportation_distance_km_year,NA
Navi Mumbai,transportation_distance_total_km_day,NA
Greater Mumbai,transportation_distance_from_city_center_to_main_landfill_or_dumpsite_km,5
Greater Mumbai,transportation_distance_km,NA
Greater Mumbai,transportation_distance_km_year,NA
Greater Mumbai,transportation_distance_total_km_day,NA
Guwahati,transportation_distance_from_city_center_to_main_landfill_or_dumpsite_km,12
Guwahati,transportation_distance_km,NA
Guwahati,transportation_distance_km_year,NA
Guwahati,transportation_distance_total_km_day,NA
GwaliorÂ ,transportation_distance_from_city_center_to_main_landfill_or_dumpsite_km,12.5
GwaliorÂ ,transportation_distance_km,NA
GwaliorÂ ,transportation_distance_km_year,NA
GwaliorÂ ,transportation_distance_total_km_day,NA
Bhubaneswar,transportation_distance_from_city_center_to_main_landfill_or_dumpsite_km,NA
Bhubaneswar,transportation_distance_km,NA
Bhubaneswar,transportation_distance_km_year,NA
Bhubaneswar,transportation_distance_total_km_day,NA
Mysore,transportation_distance_from_city_center_to_main_landfill_or_dumpsite_km,3.5
Mysore,transportation_distance_km,NA
Mysore,transportation_distance_km_year,270830
Mysore,transportation_distance_total_km_day,NA
Warangal,transportation_distance_from_city_center_to_main_landfill_or_dumpsite_km,18.8
Warangal,transportation_distance_km,NA
Warangal,transportation_distance_km_year,1011936
Warangal,transportation_distance_total_km_day,NA
Dublin,transportation_distance_from_city_center_to_main_landfill_or_dumpsite_km,NA
Dublin,transportation_distance_km,NA
Dublin,transportation_distance_km_year,NA
Dublin,transportation_distance_total_km_day,NA
Tehran,transportation_distance_from_city_center_to_main_landfill_or_dumpsite_km,39
Tehran,transportation_distance_km,NA
Tehran,transportation_distance_km_year,1952665
Tehran,transportation_distance_total_km_day,NA
Baghdad,transportation_distance_from_city_center_to_main_landfill_or_dumpsite_km,NA
Baghdad,transportation_distance_km,NA
Baghdad,transportation_distance_km_year,NA
Baghdad,transportation_distance_total_km_day,NA
Jerusalem,transportation_distance_from_city_center_to_main_landfill_or_dumpsite_km,NA
Jerusalem,transportation_distance_km,NA
Jerusalem,transportation_distance_km_year,NA
Jerusalem,transportation_distance_total_km_day,NA
Tel Aviv,transportation_distance_from_city_center_to_main_landfill_or_dumpsite_km,NA
Tel Aviv,transportation_distance_km,NA
Tel Aviv,transportation_distance_km_year,NA
Tel Aviv,transportation_distance_total_km_day,NA
Parma,transportation_distance_from_city_center_to_main_landfill_or_dumpsite_km,NA
Parma,transportation_distance_km,NA
Parma,transportation_distance_km_year,NA
Parma,transportation_distance_total_km_day,NA
Milano,transportation_distance_from_city_center_to_main_landfill_or_dumpsite_km,NA
Milano,transportation_distance_km,NA
Milano,transportation_distance_km_year,NA
Milano,transportation_distance_total_km_day,NA
Amman,transportation_distance_from_city_center_to_main_landfill_or_dumpsite_km,24
Amman,transportation_distance_km,NA
Amman,transportation_distance_km_year,NA
Amman,transportation_distance_total_km_day,NA
Yokohama,transportation_distance_from_city_center_to_main_landfill_or_dumpsite_km,9
Yokohama,transportation_distance_km,NA
Yokohama,transportation_distance_km_year,12713819
Yokohama,transportation_distance_total_km_day,NA
Kobe,transportation_distance_from_city_center_to_main_landfill_or_dumpsite_km,12
Kobe,transportation_distance_km,NA
Kobe,transportation_distance_km_year,6789793
Kobe,transportation_distance_total_km_day,NA
Osaka,transportation_distance_from_city_center_to_main_landfill_or_dumpsite_km,25
Osaka,transportation_distance_km,NA
Osaka,transportation_distance_km_year,10228509
Osaka,transportation_distance_total_km_day,NA
Naha,transportation_distance_from_city_center_to_main_landfill_or_dumpsite_km,NA
Naha,transportation_distance_km,NA
Naha,transportation_distance_km_year,NA
Naha,transportation_distance_total_km_day,NA
Kitakyushu,transportation_distance_from_city_center_to_main_landfill_or_dumpsite_km,NA
Kitakyushu,transportation_distance_km,NA
Kitakyushu,transportation_distance_km_year,NA
Kitakyushu,transportation_distance_total_km_day,NA
Toyama,transportation_distance_from_city_center_to_main_landfill_or_dumpsite_km,NA
Toyama,transportation_distance_km,NA
Toyama,transportation_distance_km_year,1774136
Toyama,transportation_distance_total_km_day,NA
Atyrau,transportation_distance_from_city_center_to_main_landfill_or_dumpsite_km,5
Atyrau,transportation_distance_km,NA
Atyrau,transportation_distance_km_year,NA
Atyrau,transportation_distance_total_km_day,NA
Kostanay,transportation_distance_from_city_center_to_main_landfill_or_dumpsite_km,3
Kostanay,transportation_distance_km,NA
Kostanay,transportation_distance_km_year,NA
Kostanay,transportation_distance_total_km_day,NA
EldoretÂ ,transportation_distance_from_city_center_to_main_landfill_or_dumpsite_km,NA
EldoretÂ ,transportation_distance_km,NA
EldoretÂ ,transportation_distance_km_year,NA
EldoretÂ ,transportation_distance_total_km_day,NA
Nairobi,transportation_distance_from_city_center_to_main_landfill_or_dumpsite_km,NA
Nairobi,transportation_distance_km,NA
Nairobi,transportation_distance_km_year,NA
Nairobi,transportation_distance_total_km_day,NA
Osh,transportation_distance_from_city_center_to_main_landfill_or_dumpsite_km,NA
Osh,transportation_distance_km,NA
Osh,transportation_distance_km_year,NA
Osh,transportation_distance_total_km_day,NA
Bishkek,transportation_distance_from_city_center_to_main_landfill_or_dumpsite_km,10
Bishkek,transportation_distance_km,NA
Bishkek,transportation_distance_km_year,NA
Bishkek,transportation_distance_total_km_day,NA
Phnom Penh,transportation_distance_from_city_center_to_main_landfill_or_dumpsite_km,7.5
Phnom Penh,transportation_distance_km,NA
Phnom Penh,transportation_distance_km_year,NA
Phnom Penh,transportation_distance_total_km_day,NA
South Tarawa,transportation_distance_from_city_center_to_main_landfill_or_dumpsite_km,NA
South Tarawa,transportation_distance_km,NA
South Tarawa,transportation_distance_km_year,NA
South Tarawa,transportation_distance_total_km_day,NA
Seoul,transportation_distance_from_city_center_to_main_landfill_or_dumpsite_km,64
Seoul,transportation_distance_km,NA
Seoul,transportation_distance_km_year,NA
Seoul,transportation_distance_total_km_day,NA
Kuwait City,transportation_distance_from_city_center_to_main_landfill_or_dumpsite_km,NA
Kuwait City,transportation_distance_km,NA
Kuwait City,transportation_distance_km_year,NA
Kuwait City,transportation_distance_total_km_day,NA
Vientiane,transportation_distance_from_city_center_to_main_landfill_or_dumpsite_km,32
Vientiane,transportation_distance_km,NA
Vientiane,transportation_distance_km_year,1971450
Vientiane,transportation_distance_total_km_day,NA
Beirut,transportation_distance_from_city_center_to_main_landfill_or_dumpsite_km,9
Beirut,transportation_distance_km,NA
Beirut,transportation_distance_km_year,2200
Beirut,transportation_distance_total_km_day,NA
Saida,transportation_distance_from_city_center_to_main_landfill_or_dumpsite_km,3
Saida,transportation_distance_km,NA
Saida,transportation_distance_km_year,1000
Saida,transportation_distance_total_km_day,NA
Monrovia,transportation_distance_from_city_center_to_main_landfill_or_dumpsite_km,4
Monrovia,transportation_distance_km,NA
Monrovia,transportation_distance_km_year,NA
Monrovia,transportation_distance_total_km_day,NA
Tripoli,transportation_distance_from_city_center_to_main_landfill_or_dumpsite_km,NA
Tripoli,transportation_distance_km,NA
Tripoli,transportation_distance_km_year,NA
Tripoli,transportation_distance_total_km_day,NA
Dehiwala Mt. Lavinia Municipal Council,transportation_distance_from_city_center_to_main_landfill_or_dumpsite_km,NA
Dehiwala Mt. Lavinia Municipal Council,transportation_distance_km,NA
Dehiwala Mt. Lavinia Municipal Council,transportation_distance_km_year,NA
Dehiwala Mt. Lavinia Municipal Council,transportation_distance_total_km_day,NA
Kurunegala,transportation_distance_from_city_center_to_main_landfill_or_dumpsite_km,NA
Kurunegala,transportation_distance_km,NA
Kurunegala,transportation_distance_km_year,NA
Kurunegala,transportation_distance_total_km_day,NA
Trincomalee,transportation_distance_from_city_center_to_main_landfill_or_dumpsite_km,9
Trincomalee,transportation_distance_km,NA
Trincomalee,transportation_distance_km_year,NA
Trincomalee,transportation_distance_total_km_day,NA
Jaffna,transportation_distance_from_city_center_to_main_landfill_or_dumpsite_km,NA
Jaffna,transportation_distance_km,NA
Jaffna,transportation_distance_km_year,NA
Jaffna,transportation_distance_total_km_day,NA
Moratuwa,transportation_distance_from_city_center_to_main_landfill_or_dumpsite_km,NA
Moratuwa,transportation_distance_km,NA
Moratuwa,transportation_distance_km_year,NA
Moratuwa,transportation_distance_total_km_day,NA
Colombo,transportation_distance_from_city_center_to_main_landfill_or_dumpsite_km,14
Colombo,transportation_distance_km,NA
Colombo,transportation_distance_km_year,NA
Colombo,transportation_distance_total_km_day,NA
Vilnius,transportation_distance_from_city_center_to_main_landfill_or_dumpsite_km,NA
Vilnius,transportation_distance_km,NA
Vilnius,transportation_distance_km_year,NA
Vilnius,transportation_distance_total_km_day,NA
Kaunas,transportation_distance_from_city_center_to_main_landfill_or_dumpsite_km,20
Kaunas,transportation_distance_km,NA
Kaunas,transportation_distance_km_year,NA
Kaunas,transportation_distance_total_km_day,NA
Liepaja,transportation_distance_from_city_center_to_main_landfill_or_dumpsite_km,NA
Liepaja,transportation_distance_km,NA
Liepaja,transportation_distance_km_year,NA
Liepaja,transportation_distance_total_km_day,NA
Riga,transportation_distance_from_city_center_to_main_landfill_or_dumpsite_km,10
Riga,transportation_distance_km,NA
Riga,transportation_distance_km_year,NA
Riga,transportation_distance_total_km_day,NA
Rabat,transportation_distance_from_city_center_to_main_landfill_or_dumpsite_km,20
Rabat,transportation_distance_km,NA
Rabat,transportation_distance_km_year,NA
Rabat,transportation_distance_total_km_day,NA
Tangier,transportation_distance_from_city_center_to_main_landfill_or_dumpsite_km,20
Tangier,transportation_distance_km,NA
Tangier,transportation_distance_km_year,4380000
Tangier,transportation_distance_total_km_day,NA
Beni Mellal,transportation_distance_from_city_center_to_main_landfill_or_dumpsite_km,4.5
Beni Mellal,transportation_distance_km,NA
Beni Mellal,transportation_distance_km_year,NA
Beni Mellal,transportation_distance_total_km_day,NA
Soldanesti,transportation_distance_from_city_center_to_main_landfill_or_dumpsite_km,NA
Soldanesti,transportation_distance_km,NA
Soldanesti,transportation_distance_km_year,9863
Soldanesti,transportation_distance_total_km_day,NA
Chisinau,transportation_distance_from_city_center_to_main_landfill_or_dumpsite_km,20
Chisinau,transportation_distance_km,NA
Chisinau,transportation_distance_km_year,NA
Chisinau,transportation_distance_total_km_day,NA
Antananarivo,transportation_distance_from_city_center_to_main_landfill_or_dumpsite_km,10
Antananarivo,transportation_distance_km,NA
Antananarivo,transportation_distance_km_year,NA
Antananarivo,transportation_distance_total_km_day,NA
Male,transportation_distance_from_city_center_to_main_landfill_or_dumpsite_km,5
Male,transportation_distance_km,NA
Male,transportation_distance_km_year,NA
Male,transportation_distance_total_km_day,NA
Addu,transportation_distance_from_city_center_to_main_landfill_or_dumpsite_km,7
Addu,transportation_distance_km,NA
Addu,transportation_distance_km_year,NA
Addu,transportation_distance_total_km_day,NA
Fuahmulah,transportation_distance_from_city_center_to_main_landfill_or_dumpsite_km,3
Fuahmulah,transportation_distance_km,NA
Fuahmulah,transportation_distance_km_year,NA
Fuahmulah,transportation_distance_total_km_day,NA
MÃ©xico City,transportation_distance_from_city_center_to_main_landfill_or_dumpsite_km,NA
MÃ©xico City,transportation_distance_km,NA
MÃ©xico City,transportation_distance_km_year,NA
MÃ©xico City,transportation_distance_total_km_day,NA
Guadalajara,transportation_distance_from_city_center_to_main_landfill_or_dumpsite_km,NA
Guadalajara,transportation_distance_km,NA
Guadalajara,transportation_distance_km_year,NA
Guadalajara,transportation_distance_total_km_day,NA
Monterrey,transportation_distance_from_city_center_to_main_landfill_or_dumpsite_km,21
Monterrey,transportation_distance_km,NA
Monterrey,transportation_distance_km_year,NA
Monterrey,transportation_distance_total_km_day,NA
Majuro,transportation_distance_from_city_center_to_main_landfill_or_dumpsite_km,NA
Majuro,transportation_distance_km,NA
Majuro,transportation_distance_km_year,NA
Majuro,transportation_distance_total_km_day,NA
Kratovo,transportation_distance_from_city_center_to_main_landfill_or_dumpsite_km,NA
Kratovo,transportation_distance_km,NA
Kratovo,transportation_distance_km_year,13687.5
Kratovo,transportation_distance_total_km_day,NA
Skopje,transportation_distance_from_city_center_to_main_landfill_or_dumpsite_km,NA
Skopje,transportation_distance_km,NA
Skopje,transportation_distance_km_year,NA
Skopje,transportation_distance_total_km_day,NA
Bamako,transportation_distance_from_city_center_to_main_landfill_or_dumpsite_km,NA
Bamako,transportation_distance_km,NA
Bamako,transportation_distance_km_year,NA
Bamako,transportation_distance_total_km_day,NA
Sikasso,transportation_distance_from_city_center_to_main_landfill_or_dumpsite_km,NA
Sikasso,transportation_distance_km,NA
Sikasso,transportation_distance_km_year,NA
Sikasso,transportation_distance_total_km_day,NA
Mandalay,transportation_distance_from_city_center_to_main_landfill_or_dumpsite_km,17.5
Mandalay,transportation_distance_km,NA
Mandalay,transportation_distance_km_year,NA
Mandalay,transportation_distance_total_km_day,NA
Yangon,transportation_distance_from_city_center_to_main_landfill_or_dumpsite_km,17.5
Yangon,transportation_distance_km,NA
Yangon,transportation_distance_km_year,NA
Yangon,transportation_distance_total_km_day,NA
Podgorica,transportation_distance_from_city_center_to_main_landfill_or_dumpsite_km,NA
Podgorica,transportation_distance_km,NA
Podgorica,transportation_distance_km_year,NA
Podgorica,transportation_distance_total_km_day,NA
Kotor,transportation_distance_from_city_center_to_main_landfill_or_dumpsite_km,NA
Kotor,transportation_distance_km,NA
Kotor,transportation_distance_km_year,NA
Kotor,transportation_distance_total_km_day,NA
Ulaanbaatar,transportation_distance_from_city_center_to_main_landfill_or_dumpsite_km,15
Ulaanbaatar,transportation_distance_km,NA
Ulaanbaatar,transportation_distance_km_year,NA
Ulaanbaatar,transportation_distance_total_km_day,NA
Saipan,transportation_distance_from_city_center_to_main_landfill_or_dumpsite_km,NA
Saipan,transportation_distance_km,NA
Saipan,transportation_distance_km_year,NA
Saipan,transportation_distance_total_km_day,NA
Maputo,transportation_distance_from_city_center_to_main_landfill_or_dumpsite_km,10
Maputo,transportation_distance_km,NA
Maputo,transportation_distance_km_year,NA
Maputo,transportation_distance_total_km_day,NA
Nouakchott,transportation_distance_from_city_center_to_main_landfill_or_dumpsite_km,25
Nouakchott,transportation_distance_km,NA
Nouakchott,transportation_distance_km_year,NA
Nouakchott,transportation_distance_total_km_day,NA
Blantyre,transportation_distance_from_city_center_to_main_landfill_or_dumpsite_km,NA
Blantyre,transportation_distance_km,NA
Blantyre,transportation_distance_km_year,NA
Blantyre,transportation_distance_total_km_day,NA
Lilongwe,transportation_distance_from_city_center_to_main_landfill_or_dumpsite_km,NA
Lilongwe,transportation_distance_km,NA
Lilongwe,transportation_distance_km_year,NA
Lilongwe,transportation_distance_total_km_day,NA
Kuala Lumpur,transportation_distance_from_city_center_to_main_landfill_or_dumpsite_km,NA
Kuala Lumpur,transportation_distance_km,NA
Kuala Lumpur,transportation_distance_km_year,NA
Kuala Lumpur,transportation_distance_total_km_day,NA
Windhoek,transportation_distance_from_city_center_to_main_landfill_or_dumpsite_km,NA
Windhoek,transportation_distance_km,NA
Windhoek,transportation_distance_km_year,NA
Windhoek,transportation_distance_total_km_day,NA
Niamey,transportation_distance_from_city_center_to_main_landfill_or_dumpsite_km,NA
Niamey,transportation_distance_km,NA
Niamey,transportation_distance_km_year,NA
Niamey,transportation_distance_total_km_day,NA
Ilorin,transportation_distance_from_city_center_to_main_landfill_or_dumpsite_km,NA
Ilorin,transportation_distance_km,NA
Ilorin,transportation_distance_km_year,NA
Ilorin,transportation_distance_total_km_day,NA
Lagos,transportation_distance_from_city_center_to_main_landfill_or_dumpsite_km,NA
Lagos,transportation_distance_km,NA
Lagos,transportation_distance_km_year,NA
Lagos,transportation_distance_total_km_day,NA
Kano,transportation_distance_from_city_center_to_main_landfill_or_dumpsite_km,NA
Kano,transportation_distance_km,NA
Kano,transportation_distance_km_year,NA
Kano,transportation_distance_total_km_day,NA
Oyo,transportation_distance_from_city_center_to_main_landfill_or_dumpsite_km,NA
Oyo,transportation_distance_km,NA
Oyo,transportation_distance_km_year,NA
Oyo,transportation_distance_total_km_day,NA
Ibadan,transportation_distance_from_city_center_to_main_landfill_or_dumpsite_km,NA
Ibadan,transportation_distance_km,NA
Ibadan,transportation_distance_km_year,NA
Ibadan,transportation_distance_total_km_day,NA
Puerto Cabezas,transportation_distance_from_city_center_to_main_landfill_or_dumpsite_km,13
Puerto Cabezas,transportation_distance_km,NA
Puerto Cabezas,transportation_distance_km_year,NA
Puerto Cabezas,transportation_distance_total_km_day,NA
Managua,transportation_distance_from_city_center_to_main_landfill_or_dumpsite_km,NA
Managua,transportation_distance_km,NA
Managua,transportation_distance_km_year,NA
Managua,transportation_distance_total_km_day,NA
Amsterdam,transportation_distance_from_city_center_to_main_landfill_or_dumpsite_km,NA
Amsterdam,transportation_distance_km,NA
Amsterdam,transportation_distance_km_year,2500000
Amsterdam,transportation_distance_total_km_day,NA
Eindhoven,transportation_distance_from_city_center_to_main_landfill_or_dumpsite_km,NA
Eindhoven,transportation_distance_km,NA
Eindhoven,transportation_distance_km_year,NA
Eindhoven,transportation_distance_total_km_day,NA
Bergen,transportation_distance_from_city_center_to_main_landfill_or_dumpsite_km,NA
Bergen,transportation_distance_km,NA
Bergen,transportation_distance_km_year,NA
Bergen,transportation_distance_total_km_day,NA
Oslo,transportation_distance_from_city_center_to_main_landfill_or_dumpsite_km,NA
Oslo,transportation_distance_km,NA
Oslo,transportation_distance_km_year,NA
Oslo,transportation_distance_total_km_day,NA
Butwal,transportation_distance_from_city_center_to_main_landfill_or_dumpsite_km,NA
Butwal,transportation_distance_km,NA
Butwal,transportation_distance_km_year,NA
Butwal,transportation_distance_total_km_day,NA
Pokhara,transportation_distance_from_city_center_to_main_landfill_or_dumpsite_km,NA
Pokhara,transportation_distance_km,NA
Pokhara,transportation_distance_km_year,NA
Pokhara,transportation_distance_total_km_day,NA
Dhankuta,transportation_distance_from_city_center_to_main_landfill_or_dumpsite_km,NA
Dhankuta,transportation_distance_km,NA
Dhankuta,transportation_distance_km_year,NA
Dhankuta,transportation_distance_total_km_day,NA
Birgunj,transportation_distance_from_city_center_to_main_landfill_or_dumpsite_km,NA
Birgunj,transportation_distance_km,NA
Birgunj,transportation_distance_km_year,NA
Birgunj,transportation_distance_total_km_day,NA
Kathmandu,transportation_distance_from_city_center_to_main_landfill_or_dumpsite_km,26
Kathmandu,transportation_distance_km,NA
Kathmandu,transportation_distance_km_year,NA
Kathmandu,transportation_distance_total_km_day,NA
Lalitpur,transportation_distance_from_city_center_to_main_landfill_or_dumpsite_km,43
Lalitpur,transportation_distance_km,NA
Lalitpur,transportation_distance_km_year,NA
Lalitpur,transportation_distance_total_km_day,NA
Badimalika,transportation_distance_from_city_center_to_main_landfill_or_dumpsite_km,0.5
Badimalika,transportation_distance_km,NA
Badimalika,transportation_distance_km_year,NA
Badimalika,transportation_distance_total_km_day,NA
Bharatpur,transportation_distance_from_city_center_to_main_landfill_or_dumpsite_km,NA
Bharatpur,transportation_distance_km,NA
Bharatpur,transportation_distance_km_year,NA
Bharatpur,transportation_distance_total_km_day,NA
Dharan,transportation_distance_from_city_center_to_main_landfill_or_dumpsite_km,NA
Dharan,transportation_distance_km,NA
Dharan,transportation_distance_km_year,NA
Dharan,transportation_distance_total_km_day,NA
Bhimeshwor,transportation_distance_from_city_center_to_main_landfill_or_dumpsite_km,NA
Bhimeshwor,transportation_distance_km,NA
Bhimeshwor,transportation_distance_km_year,NA
Bhimeshwor,transportation_distance_total_km_day,NA
Biratnagar,transportation_distance_from_city_center_to_main_landfill_or_dumpsite_km,NA
Biratnagar,transportation_distance_km,NA
Biratnagar,transportation_distance_km_year,NA
Biratnagar,transportation_distance_total_km_day,NA
Bhaktapur,transportation_distance_from_city_center_to_main_landfill_or_dumpsite_km,NA
Bhaktapur,transportation_distance_km,NA
Bhaktapur,transportation_distance_km_year,NA
Bhaktapur,transportation_distance_total_km_day,NA
Auckland,transportation_distance_from_city_center_to_main_landfill_or_dumpsite_km,NA
Auckland,transportation_distance_km,NA
Auckland,transportation_distance_km_year,NA
Auckland,transportation_distance_total_km_day,NA
Wellington,transportation_distance_from_city_center_to_main_landfill_or_dumpsite_km,NA
Wellington,transportation_distance_km,NA
Wellington,transportation_distance_km_year,NA
Wellington,transportation_distance_total_km_day,NA
Muscat,transportation_distance_from_city_center_to_main_landfill_or_dumpsite_km,NA
Muscat,transportation_distance_km,NA
Muscat,transportation_distance_km_year,NA
Muscat,transportation_distance_total_km_day,NA
Karachi,transportation_distance_from_city_center_to_main_landfill_or_dumpsite_km,32.5
Karachi,transportation_distance_km,NA
Karachi,transportation_distance_km_year,NA
Karachi,transportation_distance_total_km_day,NA
Lahore,transportation_distance_from_city_center_to_main_landfill_or_dumpsite_km,19
Lahore,transportation_distance_km,NA
Lahore,transportation_distance_km_year,41812420
Lahore,transportation_distance_total_km_day,NA
Sialkot,transportation_distance_from_city_center_to_main_landfill_or_dumpsite_km,NA
Sialkot,transportation_distance_km,NA
Sialkot,transportation_distance_km_year,NA
Sialkot,transportation_distance_total_km_day,NA
PanamÃ¡ City,transportation_distance_from_city_center_to_main_landfill_or_dumpsite_km,NA
PanamÃ¡ City,transportation_distance_km,NA
PanamÃ¡ City,transportation_distance_km_year,NA
PanamÃ¡ City,transportation_distance_total_km_day,NA
San Miguelito,transportation_distance_from_city_center_to_main_landfill_or_dumpsite_km,NA
San Miguelito,transportation_distance_km,NA
San Miguelito,transportation_distance_km_year,NA
San Miguelito,transportation_distance_total_km_day,NA
ColÃ³n,transportation_distance_from_city_center_to_main_landfill_or_dumpsite_km,NA
ColÃ³n,transportation_distance_km,NA
ColÃ³n,transportation_distance_km_year,NA
ColÃ³n,transportation_distance_total_km_day,NA
Cusco,transportation_distance_from_city_center_to_main_landfill_or_dumpsite_km,7.5
Cusco,transportation_distance_km,NA
Cusco,transportation_distance_km_year,NA
Cusco,transportation_distance_total_km_day,NA
Cebu,transportation_distance_from_city_center_to_main_landfill_or_dumpsite_km,10
Cebu,transportation_distance_km,NA
Cebu,transportation_distance_km_year,NA
Cebu,transportation_distance_total_km_day,NA
Quezon City,transportation_distance_from_city_center_to_main_landfill_or_dumpsite_km,NA
Quezon City,transportation_distance_km,NA
Quezon City,transportation_distance_km_year,NA
Quezon City,transportation_distance_total_km_day,NA
Koror,transportation_distance_from_city_center_to_main_landfill_or_dumpsite_km,NA
Koror,transportation_distance_km,NA
Koror,transportation_distance_km_year,NA
Koror,transportation_distance_total_km_day,NA
Port Moresby,transportation_distance_from_city_center_to_main_landfill_or_dumpsite_km,NA
Port Moresby,transportation_distance_km,NA
Port Moresby,transportation_distance_km_year,NA
Port Moresby,transportation_distance_total_km_day,NA
Lodzi,transportation_distance_from_city_center_to_main_landfill_or_dumpsite_km,NA
Lodzi,transportation_distance_km,NA
Lodzi,transportation_distance_km_year,NA
Lodzi,transportation_distance_total_km_day,NA
KrakÃ³w,transportation_distance_from_city_center_to_main_landfill_or_dumpsite_km,NA
KrakÃ³w,transportation_distance_km,NA
KrakÃ³w,transportation_distance_km_year,NA
KrakÃ³w,transportation_distance_total_km_day,NA
Lisbon,transportation_distance_from_city_center_to_main_landfill_or_dumpsite_km,NA
Lisbon,transportation_distance_km,NA
Lisbon,transportation_distance_km_year,NA
Lisbon,transportation_distance_total_km_day,100
GuimarÃ£es,transportation_distance_from_city_center_to_main_landfill_or_dumpsite_km,NA
GuimarÃ£es,transportation_distance_km,NA
GuimarÃ£es,transportation_distance_km_year,NA
GuimarÃ£es,transportation_distance_total_km_day,NA
AsunciÃ³n,transportation_distance_from_city_center_to_main_landfill_or_dumpsite_km,NA
AsunciÃ³n,transportation_distance_km,NA
AsunciÃ³n,transportation_distance_km_year,NA
AsunciÃ³n,transportation_distance_total_km_day,NA
Ciudad Del Este,transportation_distance_from_city_center_to_main_landfill_or_dumpsite_km,NA
Ciudad Del Este,transportation_distance_km,NA
Ciudad Del Este,transportation_distance_km_year,NA
Ciudad Del Este,transportation_distance_total_km_day,NA
San Lorenzo,transportation_distance_from_city_center_to_main_landfill_or_dumpsite_km,NA
San Lorenzo,transportation_distance_km,NA
San Lorenzo,transportation_distance_km_year,NA
San Lorenzo,transportation_distance_total_km_day,NA
Ramallah,transportation_distance_from_city_center_to_main_landfill_or_dumpsite_km,NA
Ramallah,transportation_distance_km,NA
Ramallah,transportation_distance_km_year,NA
Ramallah,transportation_distance_total_km_day,NA
Doha,transportation_distance_from_city_center_to_main_landfill_or_dumpsite_km,NA
Doha,transportation_distance_km,NA
Doha,transportation_distance_km_year,NA
Doha,transportation_distance_total_km_day,NA
Cluj-Napoca,transportation_distance_from_city_center_to_main_landfill_or_dumpsite_km,8.5
Cluj-Napoca,transportation_distance_km,NA
Cluj-Napoca,transportation_distance_km_year,NA
Cluj-Napoca,transportation_distance_total_km_day,NA
Bucharest,transportation_distance_from_city_center_to_main_landfill_or_dumpsite_km,17
Bucharest,transportation_distance_km,NA
Bucharest,transportation_distance_km_year,NA
Bucharest,transportation_distance_total_km_day,NA
Moscow,transportation_distance_from_city_center_to_main_landfill_or_dumpsite_km,34
Moscow,transportation_distance_km,NA
Moscow,transportation_distance_km_year,NA
Moscow,transportation_distance_total_km_day,NA
St.petersburg,transportation_distance_from_city_center_to_main_landfill_or_dumpsite_km,NA
St.petersburg,transportation_distance_km,NA
St.petersburg,transportation_distance_km_year,NA
St.petersburg,transportation_distance_total_km_day,NA
Kemerovo,transportation_distance_from_city_center_to_main_landfill_or_dumpsite_km,NA
Kemerovo,transportation_distance_km,NA
Kemerovo,transportation_distance_km_year,NA
Kemerovo,transportation_distance_total_km_day,NA
KigaliÂ ,transportation_distance_from_city_center_to_main_landfill_or_dumpsite_km,NA
KigaliÂ ,transportation_distance_km,NA
KigaliÂ ,transportation_distance_km_year,NA
KigaliÂ ,transportation_distance_total_km_day,NA
Nyagatare,transportation_distance_from_city_center_to_main_landfill_or_dumpsite_km,5
Nyagatare,transportation_distance_km,NA
Nyagatare,transportation_distance_km_year,NA
Nyagatare,transportation_distance_total_km_day,NA
Jeddah,transportation_distance_from_city_center_to_main_landfill_or_dumpsite_km,40
Jeddah,transportation_distance_km,NA
Jeddah,transportation_distance_km_year,NA
Jeddah,transportation_distance_total_km_day,NA
Riyadh,transportation_distance_from_city_center_to_main_landfill_or_dumpsite_km,NA
Riyadh,transportation_distance_km,NA
Riyadh,transportation_distance_km_year,NA
Riyadh,transportation_distance_total_km_day,NA
Rufisque,transportation_distance_from_city_center_to_main_landfill_or_dumpsite_km,NA
Rufisque,transportation_distance_km,NA
Rufisque,transportation_distance_km_year,NA
Rufisque,transportation_distance_total_km_day,NA
Honiara,transportation_distance_from_city_center_to_main_landfill_or_dumpsite_km,6
Honiara,transportation_distance_km,NA
Honiara,transportation_distance_km_year,NA
Honiara,transportation_distance_total_km_day,NA
Freetown,transportation_distance_from_city_center_to_main_landfill_or_dumpsite_km,NA
Freetown,transportation_distance_km,NA
Freetown,transportation_distance_km_year,NA
Freetown,transportation_distance_total_km_day,NA
San Salvador,transportation_distance_from_city_center_to_main_landfill_or_dumpsite_km,29
San Salvador,transportation_distance_km,NA
San Salvador,transportation_distance_km_year,NA
San Salvador,transportation_distance_total_km_day,NA
Hargeysa,transportation_distance_from_city_center_to_main_landfill_or_dumpsite_km,NA
Hargeysa,transportation_distance_km,NA
Hargeysa,transportation_distance_km_year,NA
Hargeysa,transportation_distance_total_km_day,NA
Belgrade,transportation_distance_from_city_center_to_main_landfill_or_dumpsite_km,NA
Belgrade,transportation_distance_km,NA
Belgrade,transportation_distance_km_year,NA
Belgrade,transportation_distance_total_km_day,NA
Novi Sad,transportation_distance_from_city_center_to_main_landfill_or_dumpsite_km,NA
Novi Sad,transportation_distance_km,NA
Novi Sad,transportation_distance_km_year,NA
Novi Sad,transportation_distance_total_km_day,NA
Juba,transportation_distance_from_city_center_to_main_landfill_or_dumpsite_km,13
Juba,transportation_distance_km,NA
Juba,transportation_distance_km_year,NA
Juba,transportation_distance_total_km_day,NA
Trnava,transportation_distance_from_city_center_to_main_landfill_or_dumpsite_km,NA
Trnava,transportation_distance_km,NA
Trnava,transportation_distance_km_year,NA
Trnava,transportation_distance_total_km_day,NA
Bratislava,transportation_distance_from_city_center_to_main_landfill_or_dumpsite_km,NA
Bratislava,transportation_distance_km,NA
Bratislava,transportation_distance_km_year,NA
Bratislava,transportation_distance_total_km_day,NA
Ljubljana,transportation_distance_from_city_center_to_main_landfill_or_dumpsite_km,NA
Ljubljana,transportation_distance_km,NA
Ljubljana,transportation_distance_km_year,NA
Ljubljana,transportation_distance_total_km_day,NA
BorÃ¥s,transportation_distance_from_city_center_to_main_landfill_or_dumpsite_km,NA
BorÃ¥s,transportation_distance_km,NA
BorÃ¥s,transportation_distance_km_year,NA
BorÃ¥s,transportation_distance_total_km_day,NA
Stockholm,transportation_distance_from_city_center_to_main_landfill_or_dumpsite_km,NA
Stockholm,transportation_distance_km,NA
Stockholm,transportation_distance_km_year,NA
Stockholm,transportation_distance_total_km_day,NA
Damascus,transportation_distance_from_city_center_to_main_landfill_or_dumpsite_km,NA
Damascus,transportation_distance_km,NA
Damascus,transportation_distance_km_year,NA
Damascus,transportation_distance_total_km_day,NA
Lome,transportation_distance_from_city_center_to_main_landfill_or_dumpsite_km,NA
Lome,transportation_distance_km,NA
Lome,transportation_distance_km_year,NA
Lome,transportation_distance_total_km_day,NA
Bangkok,transportation_distance_from_city_center_to_main_landfill_or_dumpsite_km,NA
Bangkok,transportation_distance_km,NA
Bangkok,transportation_distance_km_year,NA
Bangkok,transportation_distance_total_km_day,NA
DushanbeÂ ,transportation_distance_from_city_center_to_main_landfill_or_dumpsite_km,NA
DushanbeÂ ,transportation_distance_km,NA
DushanbeÂ ,transportation_distance_km_year,NA
DushanbeÂ ,transportation_distance_total_km_day,NA
Khujand,transportation_distance_from_city_center_to_main_landfill_or_dumpsite_km,NA
Khujand,transportation_distance_km,NA
Khujand,transportation_distance_km_year,NA
Khujand,transportation_distance_total_km_day,NA
Ashgabat,transportation_distance_from_city_center_to_main_landfill_or_dumpsite_km,NA
Ashgabat,transportation_distance_km,NA
Ashgabat,transportation_distance_km_year,NA
Ashgabat,transportation_distance_total_km_day,NA
Dili,transportation_distance_from_city_center_to_main_landfill_or_dumpsite_km,25
Dili,transportation_distance_km,NA
Dili,transportation_distance_km_year,NA
Dili,transportation_distance_total_km_day,NA
Tongatapu,transportation_distance_from_city_center_to_main_landfill_or_dumpsite_km,NA
Tongatapu,transportation_distance_km,NA
Tongatapu,transportation_distance_km_year,NA
Tongatapu,transportation_distance_total_km_day,NA
Vavaâ€™u,transportation_distance_from_city_center_to_main_landfill_or_dumpsite_km,NA
Vavaâ€™u,transportation_distance_km,NA
Vavaâ€™u,transportation_distance_km_year,NA
Vavaâ€™u,transportation_distance_total_km_day,NA
Tunis,transportation_distance_from_city_center_to_main_landfill_or_dumpsite_km,15
Tunis,transportation_distance_km,NA
Tunis,transportation_distance_km_year,NA
Tunis,transportation_distance_total_km_day,NA
Sfax,transportation_distance_from_city_center_to_main_landfill_or_dumpsite_km,40
Sfax,transportation_distance_km,NA
Sfax,transportation_distance_km_year,NA
Sfax,transportation_distance_total_km_day,NA
Sousse,transportation_distance_from_city_center_to_main_landfill_or_dumpsite_km,NA
Sousse,transportation_distance_km,NA
Sousse,transportation_distance_km_year,NA
Sousse,transportation_distance_total_km_day,NA
Sakarya Mm,transportation_distance_from_city_center_to_main_landfill_or_dumpsite_km,NA
Sakarya Mm,transportation_distance_km,NA
Sakarya Mm,transportation_distance_km_year,NA
Sakarya Mm,transportation_distance_total_km_day,NA
Bursa Mm (Metropolitan Municipality),transportation_distance_from_city_center_to_main_landfill_or_dumpsite_km,NA
Bursa Mm (Metropolitan Municipality),transportation_distance_km,NA
Bursa Mm (Metropolitan Municipality),transportation_distance_km_year,NA
Bursa Mm (Metropolitan Municipality),transportation_distance_total_km_day,NA
Funafuti,transportation_distance_from_city_center_to_main_landfill_or_dumpsite_km,NA
Funafuti,transportation_distance_km,NA
Funafuti,transportation_distance_km_year,NA
Funafuti,transportation_distance_total_km_day,NA
Dar Es Salaam,transportation_distance_from_city_center_to_main_landfill_or_dumpsite_km,40
Dar Es Salaam,transportation_distance_km,NA
Dar Es Salaam,transportation_distance_km_year,NA
Dar Es Salaam,transportation_distance_total_km_day,NA
Moshi,transportation_distance_from_city_center_to_main_landfill_or_dumpsite_km,NA
Moshi,transportation_distance_km,NA
Moshi,transportation_distance_km_year,NA
Moshi,transportation_distance_total_km_day,NA
Mountain Kilimanjaro,transportation_distance_from_city_center_to_main_landfill_or_dumpsite_km,NA
Mountain Kilimanjaro,transportation_distance_km,NA
Mountain Kilimanjaro,transportation_distance_km_year,NA
Mountain Kilimanjaro,transportation_distance_total_km_day,NA
Kampala,transportation_distance_from_city_center_to_main_landfill_or_dumpsite_km,12
Kampala,transportation_distance_km,NA
Kampala,transportation_distance_km_year,NA
Kampala,transportation_distance_total_km_day,NA
Pavlograd,transportation_distance_from_city_center_to_main_landfill_or_dumpsite_km,2
Pavlograd,transportation_distance_km,NA
Pavlograd,transportation_distance_km_year,NA
Pavlograd,transportation_distance_total_km_day,NA
Kiev,transportation_distance_from_city_center_to_main_landfill_or_dumpsite_km,NA
Kiev,transportation_distance_km,NA
Kiev,transportation_distance_km_year,NA
Kiev,transportation_distance_total_km_day,NA
Montevideo,transportation_distance_from_city_center_to_main_landfill_or_dumpsite_km,NA
Montevideo,transportation_distance_km,NA
Montevideo,transportation_distance_km_year,NA
Montevideo,transportation_distance_total_km_day,NA
Seattle,transportation_distance_from_city_center_to_main_landfill_or_dumpsite_km,NA
Seattle,transportation_distance_km,NA
Seattle,transportation_distance_km_year,NA
Seattle,transportation_distance_total_km_day,NA
Washington Dc,transportation_distance_from_city_center_to_main_landfill_or_dumpsite_km,NA
Washington Dc,transportation_distance_km,NA
Washington Dc,transportation_distance_km_year,NA
Washington Dc,transportation_distance_total_km_day,NA
Ann Arbor,transportation_distance_from_city_center_to_main_landfill_or_dumpsite_km,NA
Ann Arbor,transportation_distance_km,NA
Ann Arbor,transportation_distance_km_year,NA
Ann Arbor,transportation_distance_total_km_day,NA
Namangan,transportation_distance_from_city_center_to_main_landfill_or_dumpsite_km,NA
Namangan,transportation_distance_km,NA
Namangan,transportation_distance_km_year,NA
Namangan,transportation_distance_total_km_day,NA
Tashkent,transportation_distance_from_city_center_to_main_landfill_or_dumpsite_km,NA
Tashkent,transportation_distance_km,NA
Tashkent,transportation_distance_km_year,NA
Tashkent,transportation_distance_total_km_day,NA
Caracas,transportation_distance_from_city_center_to_main_landfill_or_dumpsite_km,30
Caracas,transportation_distance_km,NA
Caracas,transportation_distance_km_year,NA
Caracas,transportation_distance_total_km_day,NA
Hanoi,transportation_distance_from_city_center_to_main_landfill_or_dumpsite_km,33
Hanoi,transportation_distance_km,NA
Hanoi,transportation_distance_km_year,NA
Hanoi,transportation_distance_total_km_day,NA
Ho Chi Minh City,transportation_distance_from_city_center_to_main_landfill_or_dumpsite_km,NA
Ho Chi Minh City,transportation_distance_km,NA
Ho Chi Minh City,transportation_distance_km_year,NA
Ho Chi Minh City,transportation_distance_total_km_day,NA
Port Vila,transportation_distance_from_city_center_to_main_landfill_or_dumpsite_km,23
Port Vila,transportation_distance_km,NA
Port Vila,transportation_distance_km_year,NA
Port Vila,transportation_distance_total_km_day,NA
Upolu (Apia),transportation_distance_from_city_center_to_main_landfill_or_dumpsite_km,16.09
Upolu (Apia),transportation_distance_km,NA
Upolu (Apia),transportation_distance_km_year,NA
Upolu (Apia),transportation_distance_total_km_day,NA
Gjilan,transportation_distance_from_city_center_to_main_landfill_or_dumpsite_km,NA
Gjilan,transportation_distance_km,NA
Gjilan,transportation_distance_km_year,NA
Gjilan,transportation_distance_total_km_day,NA
Pristina,transportation_distance_from_city_center_to_main_landfill_or_dumpsite_km,NA
Pristina,transportation_distance_km,NA
Pristina,transportation_distance_km_year,NA
Pristina,transportation_distance_total_km_day,NA
SanaÃ¡,transportation_distance_from_city_center_to_main_landfill_or_dumpsite_km,17
SanaÃ¡,transportation_distance_km,NA
SanaÃ¡,transportation_distance_km_year,4471250
SanaÃ¡,transportation_distance_total_km_day,NA
JohannesburgÂ ,transportation_distance_from_city_center_to_main_landfill_or_dumpsite_km,NA
JohannesburgÂ ,transportation_distance_km,NA
JohannesburgÂ ,transportation_distance_km_year,NA
JohannesburgÂ ,transportation_distance_total_km_day,NA
Cape Town,transportation_distance_from_city_center_to_main_landfill_or_dumpsite_km,NA
Cape Town,transportation_distance_km,NA
Cape Town,transportation_distance_km_year,NA
Cape Town,transportation_distance_total_km_day,NA
Soweto,transportation_distance_from_city_center_to_main_landfill_or_dumpsite_km,NA
Soweto,transportation_distance_km,NA
Soweto,transportation_distance_km_year,NA
Soweto,transportation_distance_total_km_day,NA
BloemfonteinÂ ,transportation_distance_from_city_center_to_main_landfill_or_dumpsite_km,NA
BloemfonteinÂ ,transportation_distance_km,NA
BloemfonteinÂ ,transportation_distance_km_year,NA
BloemfonteinÂ ,transportation_distance_total_km_day,NA
Durban,transportation_distance_from_city_center_to_main_landfill_or_dumpsite_km,NA
Durban,transportation_distance_km,NA
Durban,transportation_distance_km_year,NA
Durban,transportation_distance_total_km_day,NA
NdolaÂ ,transportation_distance_from_city_center_to_main_landfill_or_dumpsite_km,NA
NdolaÂ ,transportation_distance_km,NA
NdolaÂ ,transportation_distance_km_year,NA
NdolaÂ ,transportation_distance_total_km_day,NA
Lusaka,transportation_distance_from_city_center_to_main_landfill_or_dumpsite_km,NA
Lusaka,transportation_distance_km,NA
Lusaka,transportation_distance_km_year,NA
Lusaka,transportation_distance_total_km_day,NA
Kadoma City,transportation_distance_from_city_center_to_main_landfill_or_dumpsite_km,NA
Kadoma City,transportation_distance_km,NA
Kadoma City,transportation_distance_km_year,NA
Kadoma City,transportation_distance_total_km_day,NA
Mbare,transportation_distance_from_city_center_to_main_landfill_or_dumpsite_km,NA
Mbare,transportation_distance_km,NA
Mbare,transportation_distance_km_year,NA
Mbare,transportation_distance_total_km_day,NA
Norton,transportation_distance_from_city_center_to_main_landfill_or_dumpsite_km,NA
Norton,transportation_distance_km,NA
Norton,transportation_distance_km_year,NA
Norton,transportation_distance_total_km_day,NA
Chinhoyi,transportation_distance_from_city_center_to_main_landfill_or_dumpsite_km,NA
Chinhoyi,transportation_distance_km,NA
Chinhoyi,transportation_distance_km_year,NA
Chinhoyi,transportation_distance_total_km_day,NA
HarareÂ ,transportation_distance_from_city_center_to_main_landfill_or_dumpsite_km,NA
HarareÂ ,transportation_distance_km,NA
HarareÂ ,transportation_distance_km_year,NA
HarareÂ ,transportation_distance_total_km_day,NA
Gweru,transportation_distance_from_city_center_to_main_landfill_or_dumpsite_km,NA
Gweru,transportation_distance_km,NA
Gweru,transportation_distance_km_year,NA
Gweru,transportation_distance_total_km_day,NA
Kariba,transportation_distance_from_city_center_to_main_landfill_or_dumpsite_km,NA
Kariba,transportation_distance_km,NA
Kariba,transportation_distance_km_year,NA
Kariba,transportation_distance_total_km_day,NA
Masvingo City,transportation_distance_from_city_center_to_main_landfill_or_dumpsite_km,NA
Masvingo City,transportation_distance_km,NA
Masvingo City,transportation_distance_km_year,NA
Masvingo City,transportation_distance_total_km_day,NA
SakubvaÂ ,transportation_distance_from_city_center_to_main_landfill_or_dumpsite_km,NA
SakubvaÂ ,transportation_distance_km,NA
SakubvaÂ ,transportation_distance_km_year,NA
SakubvaÂ ,transportation_distance_total_km_day,NA
